id_propietario;nombre;direccion;telefono;email;fecha_registro
1;Marcellus Goreisr;Carrera 2;467 937 3179;mgoreisr0@issuu.com;2/07/2024
2;Delphine Cannell;Transversal 4;800 601 8057;dcannell1@angelfire.com;11/03/2024
3;Nara Thornton-Dewhirst;Diagonal 5;567 788 0108;nthorntondewhirst2@ning.com;10/08/2022
4;Corrie Keniwell;Avenida 3;234 539 3626;ckeniwell3@reddit.com;11/11/2024
5;Koralle Schreurs;Transversal 4;186 106 3940;kschreurs4@vinaora.com;20/11/2024
6;Carce Klimochkin;Transversal 4;330 784 0992;cklimochkin5@gov.uk;9/11/2024
7;Juliette Birkmyr;Carrera 2;909 247 1521;jbirkmyr6@4shared.com;29/05/2023
8;Caye Gowing;Calle 1;914 178 9404;cgowing7@miitbeian.gov.cn;4/02/2023
9;Astrid Seifert;Calle 1;117 198 9714;aseifert8@wikia.com;27/07/2022
10;Erroll Lamblin;Transversal 4;397 317 6207;elamblin9@domainmarket.com;27/10/2024
11;Dorey Collinwood;Transversal 4;292 331 9232;dcollinwooda@prlog.org;12/09/2024
12;Giuditta Wraxall;Diagonal 5;326 623 2813;gwraxallb@wikipedia.org;9/08/2023
13;Greer Sket;Avenida 3;989 904 5225;gsketc@census.gov;10/03/2025
14;Candi Luard;Carrera 2;441 228 6716;cluardd@privacy.gov.au;21/06/2023
15;Ofella Cumberpatch;Calle 1;425 435 7514;ocumberpatche@webs.com;18/09/2023
16;Taite Laxen;Carrera 2;864 467 1142;tlaxenf@creativecommons.org;5/11/2024
17;Lisetta Causton;Calle 1;833 580 8513;lcaustong@mediafire.com;30/07/2022
18;Kamilah Axford;Carrera 2;134 169 8622;kaxfordh@homestead.com;14/03/2023
19;Roz Lacase;Diagonal 5;687 783 8929;rlacasei@com.com;28/12/2023
20;Jorge Krzyzaniak;Calle 1;572 880 0618;jkrzyzaniakj@wufoo.com;23/10/2022
21;Sebastien Tavner;Calle 1;910 316 2367;stavnerk@unesco.org;21/09/2024
22;Margery Greensitt;Avenida 3;845 549 7744;mgreensittl@state.gov;14/06/2023
23;Jackquelin Hinks;Calle 1;313 101 8567;jhinksm@buzzfeed.com;19/04/2025
24;Emmit Grunbaum;Calle 1;804 262 7142;egrunbaumn@ca.gov;22/07/2023
25;Myriam Gatherer;Diagonal 5;820 591 7731;mgatherero@sciencedaily.com;5/01/2024
26;Archambault Etheridge;Avenida 3;400 642 3850;aetheridgep@soundcloud.com;2/01/2023
27;Dierdre Coger;Calle 1;193 786 1893;dcogerq@pcworld.com;20/12/2022
28;Cal Corsar;Avenida 3;183 387 3683;ccorsarr@spiegel.de;9/12/2022
29;Colin Tallis;Transversal 4;219 951 6092;ctalliss@domainmarket.com;9/07/2022
30;Kissie Ledwitch;Diagonal 5;300 366 9434;kledwitcht@163.com;28/11/2023
31;Domingo Ewbach;Carrera 2;418 773 6644;dewbachu@1und1.de;8/05/2025
32;Lothario Perot;Calle 1;569 375 2147;lperotv@ft.com;30/03/2023
33;Coreen Dunaway;Avenida 3;567 721 4836;cdunawayw@rediff.com;13/01/2025
34;Base Crossfeld;Avenida 3;602 694 2139;bcrossfeldx@jugem.jp;28/12/2022
35;Carmelia Sparey;Carrera 2;745 770 4254;cspareyy@elpais.com;25/01/2025
36;Nerte Call;Diagonal 5;315 231 3783;ncallz@nba.com;14/02/2025
37;Fred Rawdales;Transversal 4;295 920 2058;frawdales10@ucla.edu;17/03/2025
38;Reine Attwooll;Avenida 3;189 307 5158;rattwooll11@cocolog-nifty.com;19/11/2024
39;Gannon Bollom;Diagonal 5;278 297 7838;gbollom12@uiuc.edu;14/07/2024
40;Katharina Bertomieu;Diagonal 5;150 363 3657;kbertomieu13@bing.com;6/09/2023
41;Merlina Bullers;Transversal 4;142 376 8635;mbullers14@clickbank.net;19/05/2024
42;Donnie Yorke;Avenida 3;981 783 2796;dyorke15@fda.gov;1/09/2024
43;Oliy Bathoe;Avenida 3;200 768 5495;obathoe16@earthlink.net;14/06/2024
44;Shela Brookwood;Diagonal 5;475 452 8734;sbrookwood17@ycombinator.com;31/05/2025
45;Constantin Kenlin;Carrera 2;180 171 6850;ckenlin18@discuz.net;24/09/2023
46;Arabela Loudwell;Avenida 3;100 325 8370;aloudwell19@drupal.org;21/12/2022
47;Kendra Rawling;Avenida 3;867 771 9679;krawling1a@yellowbook.com;4/08/2023
48;Saraann Vogt;Transversal 4;835 183 4055;svogt1b@apache.org;20/09/2023
49;Rorke Dufty;Avenida 3;235 892 2957;rdufty1c@nifty.com;1/06/2023
50;Jewelle Gallaher;Avenida 3;489 216 0517;jgallaher1d@cargocollective.com;8/06/2024
51;Hilary Carrabot;Transversal 4;696 363 7037;hcarrabot1e@slashdot.org;15/08/2022
52;Valery Hallmark;Diagonal 5;184 789 4921;vhallmark1f@europa.eu;2/05/2025
53;Thia Gregoletti;Calle 1;439 525 5500;tgregoletti1g@woothemes.com;26/09/2024
54;Ciel Sommerfeld;Carrera 2;154 489 5936;csommerfeld1h@engadget.com;13/12/2023
55;Kimble Bugge;Transversal 4;233 540 0458;kbugge1i@blogs.com;11/12/2024
56;Austine Rhymes;Avenida 3;600 566 0534;arhymes1j@chicagotribune.com;15/01/2025
57;Bernelle Sivills;Transversal 4;908 559 2771;bsivills1k@state.gov;24/02/2023
58;Augustine Dragon;Transversal 4;359 195 7289;adragon1l@51.la;10/06/2023
59;Tera Mayman;Avenida 3;289 948 0235;tmayman1m@ifeng.com;11/04/2023
60;Babbette Gianiello;Carrera 2;964 779 6278;bgianiello1n@state.gov;25/01/2023
61;Jerri Stafford;Transversal 4;293 647 0618;jstafford1o@who.int;28/08/2023
62;Carmen Tucknott;Calle 1;205 190 1840;ctucknott1p@slideshare.net;28/09/2022
63;Marys Steffan;Calle 1;584 907 8422;msteffan1q@myspace.com;5/08/2022
64;Leela Martel;Avenida 3;238 246 9399;lmartel1r@icq.com;25/07/2024
65;Doretta Frammingham;Avenida 3;735 511 0782;dframmingham1s@washington.edu;22/06/2023
66;Keefer McGregor;Calle 1;600 394 4985;kmcgregor1t@shutterfly.com;16/04/2023
67;Fayette Girardini;Diagonal 5;232 211 4451;fgirardini1u@webeden.co.uk;27/10/2024
68;Sandye Degoix;Diagonal 5;764 513 2797;sdegoix1v@nature.com;26/04/2024
69;Flin Fleming;Transversal 4;780 617 1611;ffleming1w@umich.edu;24/05/2023
70;Binky Ritchman;Avenida 3;141 550 4518;britchman1x@drupal.org;29/09/2024
71;Stavros Vanlint;Diagonal 5;691 307 3131;svanlint1y@instagram.com;8/05/2024
72;Igor Patters;Carrera 2;634 766 8768;ipatters1z@webeden.co.uk;4/05/2023
73;Tobey Atter;Avenida 3;775 122 1793;tatter20@opensource.org;13/11/2024
74;Ignacio Echlin;Transversal 4;925 791 4953;iechlin21@umich.edu;24/02/2024
75;Bordy Muggach;Carrera 2;868 285 0050;bmuggach22@disqus.com;1/04/2023
76;Lisette Hutcheon;Transversal 4;985 362 7855;lhutcheon23@webmd.com;4/03/2024
77;Nancee Bough;Carrera 2;303 240 8574;nbough24@fda.gov;24/09/2023
78;Antoni Mum;Diagonal 5;639 174 0982;amum25@liveinternet.ru;25/01/2025
79;Saunders Ruane;Calle 1;974 406 1594;sruane26@opera.com;10/11/2023
80;Randolf Starton;Carrera 2;330 649 6256;rstarton27@etsy.com;26/12/2022
81;Samuele Humphery;Avenida 3;256 413 2871;shumphery28@studiopress.com;21/09/2023
82;Collen Ledley;Diagonal 5;264 740 4556;cledley29@earthlink.net;20/07/2022
83;Stanislas Beachem;Diagonal 5;699 885 8638;sbeachem2a@tiny.cc;20/12/2024
84;Stanford Bolwell;Avenida 3;794 717 3728;sbolwell2b@dagondesign.com;30/03/2024
85;Ki Neilands;Transversal 4;206 267 0148;kneilands2c@time.com;17/09/2022
86;Kary MacVay;Transversal 4;307 688 8663;kmacvay2d@yolasite.com;4/06/2025
87;Dinah Goldthorp;Transversal 4;320 802 9379;dgoldthorp2e@netvibes.com;28/06/2023
88;Ellerey Tregear;Avenida 3;606 535 0354;etregear2f@theatlantic.com;20/01/2024
89;Mignon Dugget;Diagonal 5;155 146 0306;mdugget2g@buzzfeed.com;3/06/2023
90;Michal Furbank;Calle 1;632 900 4248;mfurbank2h@cisco.com;12/08/2023
91;Teressa Tinsey;Transversal 4;261 265 9580;ttinsey2i@sun.com;18/03/2025
92;Darnell Langeley;Calle 1;569 116 6421;dlangeley2j@imageshack.us;22/07/2023
93;Ede Jiracek;Diagonal 5;118 766 4490;ejiracek2k@studiopress.com;21/04/2025
94;Darya Beeho;Diagonal 5;834 273 0579;dbeeho2l@foxnews.com;6/11/2022
95;Nowell Valerius;Diagonal 5;649 582 3885;nvalerius2m@wordpress.com;22/10/2022
96;Shelbi Lethebridge;Avenida 3;335 138 4218;slethebridge2n@odnoklassniki.ru;19/08/2023
97;Paula Girone;Transversal 4;496 513 4075;pgirone2o@feedburner.com;21/12/2023
98;Christye Manshaw;Transversal 4;514 386 7076;cmanshaw2p@ft.com;29/09/2022
99;Silvia Pietrowski;Carrera 2;181 916 8306;spietrowski2q@icio.us;23/02/2025
100;Michale Chappelle;Carrera 2;957 512 6053;mchappelle2r@senate.gov;20/07/2023
